{
    "ScenB_20260605-181131": {
        "Engine_Status": 0.27000000000001023,
        "Brake_Data": 0.27000000000001023,
        "Wheel_Speed": 0.27000000000001023,
        "Transmission": 0.5400000000000205,
        "Body_Control": 0.81,
        "Diagnostics": 1.08
    },
    "ScenB_20260605-181352": {
        "Engine_Status": 0.27000000000001023,
        "Brake_Data": 0.27000000000001023,
        "Wheel_Speed": 0.27000000000001023,
        "Transmission": 0.5400000000000205,
        "Body_Control": 0.81,
        "Diagnostics": 1.08
    },
    "ScenB_20260606-011814": {
        "Engine": 0.19000000000005457,
        "Wheel": 0.19000000000005457,
        "Brake": 0.27000000000001023,
        "Body": 0.27000000000001023
    },
    "ScenB_20260606-012015": {
        "Engine": 0.19000000000005457,
        "Wheel": 0.19000000000005457,
        "Brake": 0.27000000000001023,
        "Body": 0.27000000000001023
    }
}